Model,CASF2016 RMSE,CASF2016 R,CASF2016 Spea
best_models | 0,1.0963118076324463,0.8719791168036353,0.7368421052631577
best_models | 1,1.1187663078308105,0.869615720508636,0.7614035087719296
best_models | 2,1.106005311012268,0.8680638258955832,0.7368421052631577
Mean,1.107027808825175,0.8698862210692848,0.7450292397660817
Std,0.011262116635989644,0.0019716119391635714,0.014180532927464472
