Model,Valid RMSE,Valid R,Valid Spea,Test2013 RMSE,Test2013 R,Test2013 Spea,Test2016 RMSE,Test2016 R,Test2016 Spea,Test2019 RMSE,Test2019 R,Test2019 Spea,CSAR RMSE,CSAR R,CSAR Spea,CASF2016 RMSE,CASF2016 R,CASF2016 Spea
repeat0 | 0,1.1859989166259766,0.7673598148442251,0.7578215827985799,1.2425544261932373,0.8611130467700153,0.8618271691677309,1.0963118076324463,0.8719791044317831,0.8673668506963089,1.3463443517684937,0.6640471912583188,0.6495025691551041,1.4776215553283691,0.8824836062654546,0.8813186813186813,1.0963118076324463,0.8719791071064803,0.8673668506963089
repeat1 | 1,1.2006993293762207,0.7603999339545114,0.7474342203006304,1.2707469463348389,0.8575833159473659,0.8568650463730868,1.118766188621521,0.869615716931024,0.8650885162440662,1.334604024887085,0.6683076483776588,0.656185971394751,1.361941933631897,0.9106439219769952,0.8549450549450549,1.1187663078308105,0.869615713074788,0.8650885162440662
repeat2 | 2,1.1922292709350586,0.7642934036601702,0.7557183111848069,1.2728313207626343,0.85366357588924,0.8594955102829821,1.106005311012268,0.8680638221866364,0.8671556058068235,1.3474217653274536,0.661927717785739,0.6490479440464484,1.3025271892547607,0.910563816718176,0.8989010989010989,1.106005311012268,0.8680638168270653,0.8671556058068235
Mean,1.1929758389790852,0.7640177174863022,0.7536580380946724,1.2620442310969036,0.8574533128688738,0.8593959086079334,1.1070277690887451,0.8698862145164812,0.8665369909157329,1.3427900473276775,0.6647608524739056,0.6515788281987679,1.3806968927383423,0.9012304483202086,0.8783882783882784,1.107027808825175,0.8698862123361112,0.8665369909157329
Std,0.0073785877131166844,0.0034881209339122443,0.005491618051212322,0.01691081090829294,0.0037264365956222656,0.0024825603774200826,0.011262054510134675,0.0019716073322530144,0.0012588547401023965,0.007109741735300238,0.003249286512051989,0.003996373020449365,0.08904111761424058,0.016235290865350752,0.02212405695317439,0.011262116635989644,0.00197161149337353,0.0012588547401023965
