Model,casf2016 RMSE,casf2016 MAE
q2q2 | 0,1.0983272790908813,0.8561130166053772
q2q2 | 1,1.121270775794983,0.8793624043464661
q2q2 | 2,1.1055710315704346,0.8574752807617188
Mean,1.1083896954854329,0.8643169005711874
Std,0.01172858303257752,0.013047579422899025
