Model,CASF2016 RMSE,CASF2016 R,CASF2016 Spea
g-d-c | 0,1.0963118076324463,0.8719791118985107,0.7368421052631577
g-d-c | 1,1.1187663078308105,0.8696157136386432,0.7614035087719296
g-d-c | 2,1.106005311012268,0.8680638246393729,0.7368421052631577
Mean,1.107027808825175,0.8698862167255089,0.7450292397660817
Std,0.011262116635989644,0.0019716103875752544,0.014180532927464472
