Model,casf2016 RMSE,casf2016 R,casf2016 Spea
q2q2 | 0,1.0963118076324463,0.8719791066882091,0.8673668506963089
q2q2 | 1,1.1187663078308105,0.8696157171448418,0.8650885162440662
q2q2 | 2,1.106005311012268,0.8680638233949972,0.8671556058068235
Mean,1.107027808825175,0.8698862157426827,0.8665369909157329
Std,0.011262116635989644,0.001971607956745324,0.0012588547401023965
