Model,Test2013 RMSE,Test2013 R,Test2016 RMSE,Test2016 R,Test2019 RMSE,Test2019 R
q2q2 | 0,1.2425544261932373,0.8611130439730427,1.0963118076324463,0.8719791025270509,1.3463443517684937,0.6640471922457498
q2q2 | 1,1.2707468271255493,0.8575833437489607,1.1187663078308105,0.8696157150156585,1.334604024887085,0.6683076510495075
q2q2 | 2,1.2728313207626343,0.8536635551786752,1.106005311012268,0.868063823324388,1.3474217653274536,0.6619277169794809
Mean,1.2620441913604736,0.8574533143002262,1.107027808825175,0.8698862136223658,1.3427900473276775,0.6647608534249128
Std,0.016910780234403018,0.0037264462383758148,0.011262116635989644,0.0019716059268713084,0.007109741735300238,0.0032492882133560623
