Model,CSAR RMSE,CSAR R,CSAR MAE
q2q2 | 0,1.4776215553283691,0.8824836096334305,1.0774611234664917
q2q2 | 1,1.361941933631897,0.9106439228427103,1.123795747756958
q2q2 | 2,1.3025271892547607,0.9105638580807336,1.0276886224746704
Mean,1.3806968927383423,0.9012304635189582,1.07631516456604
Std,0.08904111761424058,0.0162353010611297,0.04806380965817706
