Model,Valid RMSE,Valid R,Valid MAE,Test2013 RMSE,Test2013 R,Test2013 MAE,Test2016 RMSE,Test2016 R,Test2016 MAE,Test2019 RMSE,Test2019 R,Test2019 MAE,CSAR RMSE,CSAR R,CSAR MAE,CASF2016 RMSE,CASF2016 R,CASF2016 MAE
repeat0 | 0,1.1959795951843262,0.7630093099744257,0.9396867752075195,1.261107087135315,0.8585709903282067,1.001021385192871,1.1077433824539185,0.8699993780757752,0.8685610294342041,1.3576472997665405,0.6569254076496109,1.0649843215942383,1.7013717889785767,0.8959505902872114,1.4565558433532715,1.1104750633239746,0.8694045812138528,0.8700269460678101
repeat1 | 1,1.2006994485855103,0.7603999262388483,0.922956645488739,1.2707468271255493,0.8575833411986598,1.007376790046692,1.1187663078308105,0.8696157213539942,0.8751886487007141,1.334604024887085,0.6683076512630143,1.0501837730407715,1.6203242540359497,0.8803924860047824,1.4135087728500366,1.121270775794983,0.8693487053500856,0.8793623447418213
repeat2 | 2,1.1839466094970703,0.7679694692763337,0.9253221154212952,1.2546658515930176,0.8553739514287667,0.9927313923835754,1.1331548690795898,0.8598428229216246,0.8857133984565735,1.345353603363037,0.6650076185994067,1.0511091947555542,1.793292760848999,0.8564886388536979,1.4308871030807495,1.1313717365264893,0.8605040485281094,0.8838235139846802
Mean,1.1935418844223022,0.7637929018298694,0.9293218453725179,1.2621732552846272,0.8571760943185444,1.0003765225410461,1.119888186454773,0.8664859741171314,0.8764876921971639,1.3458683093388875,0.6634135591706773,1.055425763130188,1.7049962679545085,0.8776105717152305,1.4336505730946858,1.1210391918818157,0.8664191116973492,0.8777376015981039
Std,0.008638358044226678,0.003845127773692812,0.009053877062553752,0.008093329315641813,0.0016369642473664217,0.007343963783781431,0.012742836099818862,0.005756334899466314,0.008649657581322835,0.011530256760962398,0.005856162268538682,0.008290876387363911,0.08654119668209587,0.019877517150566217,0.021656180286838727,0.010450261291699929,0.005122671153813363,0.0070403241603988025
